,Time,Voltage
0,0.0,0.629883
1,0.005,0.610352
2,0.01,0.634766
3,0.015,0.644531
4,0.02,0.566406
5,0.025,0.537109
6,0.03,0.551758
7,0.035,0.561523
8,0.04,0.585937
9,0.045,0.610352
10,0.05,0.639648
11,0.055,0.620117
12,0.06,0.581055
13,0.065,0.639648
14,0.07,0.634766
15,0.075,0.59082
16,0.08,0.551758
17,0.085,0.556641
18,0.09,0.571289
19,0.095,0.427217
20,0.1,0.610352
21,0.105,0.654297
22,0.11,0.605469
23,0.115,0.561523
24,0.12,0.576172
25,0.125,0.595703
26,0.13,0.585937
27,0.135,0.620117
28,0.14,0.620117
29,0.145,0.59082
30,0.15,0.541992
31,0.155,0.556641
32,0.16,0.561523
33,0.165,0.585937
34,0.17,0.644531
35,0.175,0.649414
36,0.18,0.625
37,0.185,0.620117
38,0.19,0.59082
39,0.195,0.532227
40,0.2,0.527344
41,0.205,0.576172
42,0.21,0.566406
43,0.215,0.610352
44,0.22,0.644531
45,0.225,0.65918
46,0.23,0.625
47,0.235,0.615234
48,0.24,0.625
49,0.245,0.605469
50,0.25,0.541992
51,0.255,0.561523
52,0.26,0.561523
53,0.265,0.581055
54,0.27,0.634766
55,0.275,0.664062
56,0.28,0.649414
57,0.285,0.59082
58,0.29,0.576172
59,0.295,0.595703
60,0.3,0.566406
61,0.305,0.566406
62,0.31,0.59082
63,0.315,0.615234
64,0.32,0.629883
65,0.325,0.625
66,0.33,0.59082
67,0.335,0.610352
68,0.34,0.585937
69,0.345,0.566406
70,0.35,0.605469
71,0.355,0.629883
72,0.36,0.610352
73,0.365,0.576172
74,0.37,0.576172
75,0.375,0.634766
76,0.38,0.595703
77,0.385,0.59082
78,0.39,0.629883
79,0.395,0.605469
80,0.4,0.576172
81,0.405,0.576172
82,0.41,0.576172
83,0.415,0.629883
84,0.42,0.625
85,0.425,0.610352
86,0.43,0.615234
87,0.435,0.610352
88,0.44,0.561523
89,0.445,0.585937
90,0.45,0.59082
91,0.455,0.595703
92,0.46,0.444509
93,0.465,0.421486
94,0.47,0.600586
95,0.475,0.600586
96,0.48,0.585937
97,0.485,0.59082
98,0.49,0.585937
99,0.495,0.610352
100,0.5,0.59082
101,0.505,0.610352
102,0.51,0.639648
103,0.515,0.585937
104,0.52,0.566406
105,0.525,0.585937
106,0.53,0.532227
107,0.535,0.438608
108,0.54,0.576172
109,0.545,0.585937
110,0.55,0.600586
111,0.555,0.595703
112,0.56,0.571289
113,0.565,0.566406
114,0.57,0.402521
115,0.575,0.600586
116,0.58,0.605469
117,0.585,0.629883
118,0.59,0.59082
119,0.595,0.566406
120,0.6,0.571289
121,0.605,0.571289
122,0.61,0.566406
123,0.615,0.571289
124,0.62,0.600586
125,0.625,0.610352
126,0.63,0.600586
127,0.635,0.600586
128,0.64,0.620117
129,0.645,0.600586
130,0.65,0.571289
131,0.655,0.595703
132,0.66,0.571289
133,0.665,0.546875
134,0.67,0.571289
135,0.675,0.718782
136,0.68,0.610352
137,0.685,0.600586
138,0.69,0.585937
139,0.695,0.615234
140,0.7,0.625
141,0.705,0.576172
142,0.71,0.600586
143,0.715,0.600586
144,0.72,0.556641
145,0.725,0.556641
146,0.73,0.595703
147,0.735,0.620117
148,0.74,0.595703
149,0.745,0.576172
150,0.75,0.585937
151,0.755,0.451077
152,0.76,0.571289
153,0.765,0.566406
154,0.77,0.600586
155,0.775,0.629883
156,0.78,0.625
157,0.785,0.615234
158,0.79,0.625
159,0.795,0.566406
160,0.8,0.576172
161,0.805,0.600586
162,0.81,0.605469
163,0.815,0.610352
164,0.82,0.59082
165,0.825,0.571289
166,0.83,0.581055
167,0.835,0.585937
168,0.84,0.605469
169,0.845,0.664062
170,0.85,0.664062
171,0.855,0.556641
172,0.86,0.546875
173,0.865,0.576172
174,0.87,0.566406
175,0.875,0.595703
176,0.88,0.664062
177,0.885,0.639648
178,0.89,0.585937
179,0.895,0.566406
180,0.9,0.566406
181,0.905,0.561523
182,0.91,0.576172
183,0.915,0.610352
184,0.92,0.668945
185,0.925,0.615234
186,0.93,0.556641
187,0.935,0.581055
188,0.94,0.561523
189,0.945,0.551758
190,0.95,0.610352
191,0.955,0.610352
192,0.96,0.600586
193,0.965,0.615234
194,0.97,0.566406
195,0.975,0.571289
196,0.98,0.595703
197,0.985,0.605469
198,0.99,0.610352
199,0.995,0.600586
200,1.0,0.600586
201,1.005,0.581055
202,1.01,0.576172
203,1.015,0.605469
204,1.02,0.625
205,1.025,0.729972
206,1.03,0.59082
207,1.035,0.600586
208,1.04,0.595703
209,1.045,0.571289
210,1.05,0.600586
211,1.055,0.595703
212,1.06,0.600586
213,1.065,0.59082
214,1.07,0.585937
215,1.075,0.605469
216,1.08,0.600586
217,1.085,0.585937
218,1.09,0.610352
219,1.095,0.620117
220,1.1,0.649414
221,1.105,0.605469
222,1.11,0.59082
223,1.115,0.59082
224,1.12,0.546875
225,1.125,0.571289
226,1.13,0.620117
227,1.135,0.620117
228,1.14,0.620117
229,1.145,0.615234
230,1.15,0.595703
231,1.155,0.561523
232,1.16,0.541992
233,1.165,0.551758
234,1.17,0.537109
235,1.175,0.585937
236,1.18,0.59082
237,1.185,0.600586
238,1.19,0.620117
239,1.195,0.605469
240,1.2,0.595703
241,1.205,0.595703
242,1.21,0.610352
243,1.215,0.595703
244,1.22,0.532227
245,1.225,0.449289
246,1.23,0.581055
247,1.235,0.585937
248,1.24,0.59082
249,1.245,0.664062
250,1.25,0.625
251,1.255,0.566406
252,1.26,0.566406
253,1.265,0.605469
254,1.27,0.561523
255,1.275,0.556641
256,1.28,0.610352
257,1.285,0.625
258,1.29,0.449167
259,1.295,0.743137
260,1.3,0.625
261,1.305,0.59082
262,1.31,0.546875
263,1.315,0.605469
264,1.32,0.605469
265,1.325,0.600586
266,1.33,0.605469
267,1.335,0.600586
268,1.34,0.59082
269,1.345,0.581055
270,1.35,0.595703
271,1.355,0.625
272,1.36,0.625
273,1.365,0.595703
274,1.37,0.610352
275,1.375,0.59082
276,1.38,0.541992
277,1.385,0.59082
278,1.39,0.595703
279,1.395,0.59082
280,1.4,0.595703
281,1.405,0.610352
282,1.41,0.615234
283,1.415,0.566406
284,1.42,0.576172
285,1.425,0.585937
286,1.43,0.610352
287,1.435,0.634766
288,1.44,0.620117
289,1.445,0.595703
290,1.45,0.571289
291,1.455,0.546875
292,1.46,0.561523
293,1.465,0.610352
294,1.47,0.595703
295,1.475,0.59082
296,1.48,0.629883
297,1.485,0.634766
298,1.49,0.59082
299,1.495,0.605469
300,1.5,0.59082
301,1.505,0.561523
302,1.51,0.551758
303,1.515,0.546875
304,1.52,0.566406
305,1.525,0.625
306,1.53,0.634766
307,1.535,0.629883
308,1.54,0.629883
309,1.545,0.634766
310,1.55,0.585937
311,1.555,0.566406
312,1.56,0.581055
313,1.565,0.59082
314,1.57,0.747605
315,1.575,0.551758
316,1.58,0.59082
317,1.585,0.600586
318,1.59,0.59082
319,1.595,0.605469
320,1.6,0.629883
321,1.605,0.605469
322,1.61,0.566406
323,1.615,0.576172
324,1.62,0.571289
325,1.625,0.595703
326,1.63,0.625
327,1.635,0.664062
328,1.64,0.605469
329,1.645,0.571289
330,1.65,0.551758
331,1.655,0.556641
332,1.66,0.581055
333,1.665,0.605469
334,1.67,0.634766
335,1.675,0.634766
336,1.68,0.576172
337,1.685,0.566406
338,1.69,0.576172
339,1.695,0.615234
340,1.7,0.600586
341,1.705,0.634766
342,1.71,0.644531
343,1.715,0.585937
344,1.72,0.581055
345,1.725,0.595703
346,1.73,0.571289
347,1.735,0.581055
348,1.74,0.571289
349,1.745,0.600586
350,1.75,0.615234
351,1.755,0.610352
352,1.76,0.615234
353,1.765,0.581055
354,1.77,0.59082
355,1.775,0.571289
356,1.78,0.581055
357,1.785,0.76789
358,1.79,0.576172
359,1.795,0.546875
360,1.8,0.551758
361,1.805,0.59082
362,1.81,0.615234
363,1.815,0.610352
364,1.82,0.639648
365,1.825,0.639648
366,1.83,0.566406
367,1.835,0.532227
368,1.84,0.561523
369,1.845,0.576172
370,1.85,0.600586
371,1.855,0.644531
372,1.86,0.664062
373,1.865,0.581055
374,1.87,0.59082
375,1.875,0.561523
376,1.88,0.541992
377,1.885,0.566406
378,1.89,0.581055
379,1.895,0.625
380,1.9,0.625
381,1.905,0.605469
382,1.91,0.625
383,1.915,0.576172
384,1.92,0.537109
385,1.925,0.551758
386,1.93,0.571289
387,1.935,0.59082
388,1.94,0.595703
389,1.945,0.625
390,1.95,0.654297
391,1.955,0.605469
392,1.96,0.610352
393,1.965,0.625
394,1.97,0.600586
395,1.975,0.566406
396,1.98,0.59082
397,1.985,0.625
398,1.99,0.605469
399,1.995,0.571289
400,2.0,0.576172
401,2.005,0.576172
402,2.01,0.556641
403,2.015,0.600586
404,2.02,0.620117
405,2.025,0.600586
406,2.03,0.615234
407,2.035,0.610352
408,2.04,0.595703
409,2.045,0.576172
410,2.05,0.576172
411,2.055,0.620117
412,2.06,0.59082
413,2.065,0.576172
414,2.07,0.600586
415,2.075,0.610352
416,2.08,0.605469
417,2.085,0.595703
418,2.09,0.595703
419,2.095,0.600586
420,2.1,0.576172
421,2.105,0.561523
422,2.11,0.610352
423,2.115,0.625
424,2.12,0.605469
425,2.125,0.605469
426,2.13,0.551758
427,2.135,0.527344
428,2.14,0.440995
429,2.145,0.527344
430,2.15,0.780354
431,2.155,0.629883
432,2.16,0.605469
433,2.165,0.571289
434,2.17,0.59082
435,2.175,0.771612
436,2.18,0.532227
437,2.185,0.576172
438,2.19,0.629883
439,2.195,0.585937
440,2.2,0.566406
441,2.205,0.581055
442,2.21,0.634766
443,2.215,0.615234
444,2.22,0.556641
445,2.225,0.581055
446,2.23,0.541992
447,2.235,0.551758
448,2.24,0.600586
449,2.245,0.634766
450,2.25,0.668945
451,2.255,0.644531
452,2.26,0.576172
453,2.265,0.600586
454,2.27,0.556641
455,2.275,0.566406
456,2.28,0.620117
457,2.285,0.625
458,2.29,0.610352
459,2.295,0.585937
460,2.3,0.585937
461,2.305,0.605469
462,2.31,0.39496
463,2.315,0.605469
464,2.32,0.610352
465,2.325,0.625
466,2.33,0.59082
467,2.335,0.59082
468,2.34,0.59082
469,2.345,0.595703
470,2.35,0.59082
471,2.355,0.600586
472,2.36,0.615234
473,2.365,0.605469
474,2.37,0.561523
475,2.375,0.571289
476,2.38,0.600586
477,2.385,0.634766
478,2.39,0.629883
479,2.395,0.654297
480,2.4,0.644531
481,2.405,0.620117
482,2.41,0.576172
483,2.415,0.576172
484,2.42,0.571289
485,2.425,0.566406
486,2.43,0.541992
487,2.435,0.620117
488,2.44,0.654297
489,2.445,0.615234
490,2.45,0.600586
491,2.455,0.59082
492,2.46,0.566406
493,2.465,0.59082
494,2.47,0.620117
495,2.475,0.678711
496,2.48,0.634766
497,2.485,0.561523
498,2.49,0.537109
499,2.495,0.571289
500,2.5,0.585937
501,2.505,0.571289
502,2.51,0.610352
503,2.515,0.668945
504,2.52,0.605469
505,2.525,0.59082
506,2.53,0.605469
507,2.535,0.581055
508,2.54,0.561523
509,2.545,0.595703
510,2.55,0.605469
511,2.555,0.625
512,2.56,0.600586
513,2.565,0.576172
514,2.57,0.59082
515,2.575,0.620117
516,2.58,0.556641
517,2.585,0.600586
518,2.59,0.668945
519,2.595,0.625
520,2.6,0.59082
521,2.605,0.620117
522,2.61,0.605469
523,2.615,0.581055
524,2.62,0.59082
525,2.625,0.629883
526,2.63,0.605469
527,2.635,0.566406
528,2.64,0.581055
529,2.645,0.615234
530,2.65,0.600586
531,2.655,0.566406
532,2.66,0.581055
533,2.665,0.620117
534,2.67,0.59082
535,2.675,0.561523
536,2.68,0.605469
537,2.685,0.610352
538,2.69,0.556641
539,2.695,0.556641
540,2.7,0.59082
541,2.705,0.576172
542,2.71,0.585937
543,2.715,0.625
544,2.72,0.649414
545,2.725,0.620117
546,2.73,0.610352
547,2.735,0.581055
548,2.74,0.566406
549,2.745,0.556641
550,2.75,0.581055
551,2.755,0.615234
552,2.76,0.620117
553,2.765,0.610352
554,2.77,0.620117
555,2.775,0.600586
556,2.78,0.556641
557,2.785,0.532227
558,2.79,0.556641
559,2.795,0.546875
560,2.8,0.566406
561,2.805,0.605469
562,2.81,0.610352
563,2.815,0.625
564,2.82,0.639648
565,2.825,0.419047
566,2.83,0.581055
567,2.835,0.571289
568,2.84,0.600586
569,2.845,0.585937
570,2.85,0.581055
571,2.855,0.571289
572,2.86,0.556641
573,2.865,0.546875
574,2.87,0.585937
575,2.875,0.629883
576,2.88,0.649414
577,2.885,0.59082
578,2.89,0.595703
579,2.895,0.600586
580,2.9,0.561523
581,2.905,0.556641
582,2.91,0.585937
583,2.915,0.585937
584,2.92,0.581055
585,2.925,0.605469
586,2.93,0.595703
587,2.935,0.561523
588,2.94,0.541992
589,2.945,0.571289
590,2.95,0.629883
591,2.955,0.649414
592,2.96,0.639648
593,2.965,0.620117
594,2.97,0.576172
595,2.975,0.556641
596,2.98,0.532227
597,2.985,0.541992
598,2.99,0.610352
599,2.995,0.615234
600,3.0,0.610352
601,3.005,0.620117
602,3.01,0.639648
603,3.015,0.615234
604,3.02,0.629883
605,3.025,0.615234
606,3.03,0.581055
607,3.035,0.561523
608,3.04,0.59082
609,3.045,0.605469
610,3.05,0.585937
611,3.055,0.571289
612,3.06,0.595703
613,3.065,0.595703
614,3.07,0.585937
615,3.075,0.561523
616,3.08,0.566406
617,3.085,0.585937
618,3.09,0.581055
619,3.095,0.581055
620,3.1,0.629883
621,3.105,0.620117
622,3.11,0.585937
623,3.115,0.595703
624,3.12,0.615234
625,3.125,0.585937
626,3.13,0.595703
627,3.135,0.615234
628,3.14,0.600586
629,3.145,0.600586
630,3.15,0.610352
631,3.155,0.59082
632,3.16,0.600586
633,3.165,0.556641
634,3.17,0.566406
635,3.175,0.605469
636,3.18,0.605469
637,3.185,0.571289
638,3.19,0.581055
639,3.195,0.566406
640,3.2,0.527344
641,3.205,0.551758
642,3.21,0.59082
643,3.215,0.600586
644,3.22,0.605469
645,3.225,0.634766
646,3.23,0.620117
647,3.235,0.556641
648,3.24,0.561523
649,3.245,0.576172
650,3.25,0.605469
651,3.255,0.615234
652,3.26,0.610352
653,3.265,0.610352
654,3.27,0.585937
655,3.275,0.595703
656,3.28,0.595703
657,3.285,0.595703
658,3.29,0.605469
659,3.295,0.585937
660,3.3,0.566406
661,3.305,0.576172
662,3.31,0.571289
663,3.315,0.576172
664,3.32,0.605469
665,3.325,0.639648
666,3.33,0.644531
667,3.335,0.610352
668,3.34,0.59082
669,3.345,0.59082
670,3.35,0.551758
671,3.355,0.59082
672,3.36,0.595703
673,3.365,0.566406
674,3.37,0.571289
675,3.375,0.600586
676,3.38,0.585937
677,3.385,0.595703
678,3.39,0.634766
679,3.395,0.644531
680,3.4,0.605469
681,3.405,0.620117
682,3.41,0.59082
683,3.415,0.532227
684,3.42,0.537109
685,3.425,0.585937
686,3.43,0.600586
687,3.435,0.595703
688,3.44,0.600586
689,3.445,0.571289
690,3.45,0.527344
691,3.455,0.556641
692,3.46,0.585937
693,3.465,0.654297
694,3.47,0.629883
695,3.475,0.620117
696,3.48,0.610352
697,3.485,0.541992
698,3.49,0.541992
699,3.495,0.585937
700,3.5,0.615234
701,3.505,0.644531
702,3.51,0.644531
703,3.515,0.576172
704,3.52,0.551758
705,3.525,0.556641
706,3.53,0.581055
707,3.535,0.605469
708,3.54,0.634766
709,3.545,0.644531
710,3.55,0.625
711,3.555,0.620117
712,3.56,0.556641
713,3.565,0.556641
714,3.57,0.610352
715,3.575,0.576172
716,3.58,0.605469
717,3.585,0.678711
718,3.59,0.639648
719,3.595,0.620117
720,3.6,0.615234
721,3.605,0.585937
722,3.61,0.566406
723,3.615,0.566406
724,3.62,0.561523
725,3.625,0.595703
726,3.63,0.595703
727,3.635,0.605469
728,3.64,0.629883
729,3.645,0.620117
730,3.65,0.581055
731,3.655,0.595703
732,3.66,0.581055
733,3.665,0.620117
734,3.67,0.625
735,3.675,0.610352
736,3.68,0.600586
737,3.685,0.595703
738,3.69,0.571289
739,3.695,0.581055
740,3.7,0.561523
741,3.705,0.59082
742,3.71,0.620117
743,3.715,0.644531
744,3.72,0.605469
745,3.725,0.595703
746,3.73,0.610352
747,3.735,0.585937
748,3.74,0.556641
749,3.745,0.595703
750,3.75,0.576172
751,3.755,0.59082
752,3.76,0.615234
753,3.765,0.625
754,3.77,0.615234
755,3.775,0.615234
756,3.78,0.576172
757,3.785,0.546875
758,3.79,0.571289
759,3.795,0.576172
760,3.8,0.571289
761,3.805,0.585937
762,3.81,0.59082
763,3.815,0.600586
764,3.82,0.600586
765,3.825,0.620117
766,3.83,0.644531
767,3.835,0.600586
768,3.84,0.556641
769,3.845,0.556641
770,3.85,0.571289
771,3.855,0.566406
772,3.86,0.556641
773,3.865,0.581055
774,3.87,0.600586
775,3.875,0.571289
776,3.88,0.585937
777,3.885,0.605469
778,3.89,0.59082
779,3.895,0.576172
780,3.9,0.571289
781,3.905,0.571289
782,3.91,0.556641
783,3.915,0.541992
784,3.92,0.600586
785,3.925,0.576172
786,3.93,0.537109
787,3.935,0.566406
788,3.94,0.551758
789,3.945,0.541992
790,3.95,0.576172
791,3.955,0.576172
792,3.96,0.576172
793,3.965,0.507812
794,3.97,0.541992
795,3.975,0.566406
796,3.98,0.566406
797,3.985,0.59082
798,3.99,0.615234
799,3.995,0.610352
800,4.0,0.610352
801,4.005,0.585937
802,4.01,0.605469
803,4.015,0.59082
804,4.02,0.556641
805,4.025,0.551758
806,4.03,0.595703
807,4.035,0.581055
808,4.04,0.615234
809,4.045,0.615234
810,4.05,0.610352
811,4.055,0.595703
812,4.06,0.610352
813,4.065,0.605469
814,4.07,0.59082
815,4.075,0.595703
816,4.08,0.581055
817,4.085,0.556641
818,4.09,0.585937
819,4.095,0.571289
820,4.1,0.729673
821,4.105,0.595703
822,4.11,0.585937
823,4.115,0.541992
824,4.12,0.551758
825,4.125,0.532227
826,4.13,0.576172
827,4.135,0.634766
828,4.14,0.654297
829,4.145,0.625
830,4.15,0.629883
831,4.155,0.610352
832,4.16,0.576172
833,4.165,0.551758
834,4.17,0.585937
835,4.175,0.625
836,4.18,0.59082
837,4.185,0.595703
838,4.19,0.639648
839,4.195,0.600586
840,4.2,0.571289
841,4.205,0.585937
842,4.21,0.634766
843,4.215,0.615234
844,4.22,0.59082
845,4.225,0.59082
846,4.23,0.605469
847,4.235,0.59082
848,4.24,0.561523
849,4.245,0.59082
850,4.25,0.600586
851,4.255,0.561523
852,4.26,0.517578
853,4.265,0.541992
854,4.27,0.546875
855,4.275,0.541992
856,4.28,0.781592
857,4.285,0.551758
858,4.29,0.517578
859,4.295,0.46875
860,4.3,0.43457
861,4.305,0.473633
862,4.31,0.488281
863,4.315,0.517578
864,4.32,0.551758
865,4.325,0.571289
866,4.33,0.537109
867,4.335,0.40351
868,4.34,0.507812
869,4.345,0.512695
870,4.35,0.507812
871,4.355,0.537109
872,4.36,0.566406
873,4.365,0.620117
874,4.37,0.585937
875,4.375,0.551758
876,4.38,0.556641
877,4.385,0.541992
878,4.39,0.763694
879,4.395,0.537109
880,4.4,0.585937
881,4.405,0.581055
882,4.41,0.561523
883,4.415,0.551758
884,4.42,0.541992
885,4.425,0.50293
886,4.43,0.473633
887,4.435,0.512695
888,4.44,0.517578
889,4.445,0.50293
890,4.45,0.512695
891,4.455,0.561523
892,4.46,0.527344
893,4.465,0.400754
894,4.47,0.517578
895,4.475,0.527344
896,4.48,0.546875
897,4.485,0.581055
898,4.49,0.595703
899,4.495,0.625
900,4.5,0.610352
901,4.505,0.625
902,4.51,0.644531
903,4.515,0.600586
904,4.52,0.532227
905,4.525,0.546875
906,4.53,0.517578
907,4.535,0.571289
908,4.54,0.639648
909,4.545,0.649414
910,4.55,0.654297
911,4.555,0.654297
912,4.56,0.615234
913,4.565,0.610352
914,4.57,0.728665
915,4.575,0.595703
916,4.58,0.59082
917,4.585,0.566406
918,4.59,0.571289
919,4.595,0.605469
920,4.6,0.585937
921,4.605,0.556641
922,4.61,0.512695
923,4.615,0.46875
924,4.62,0.458984
925,4.625,0.458984
926,4.63,0.483398
927,4.635,0.527344
928,4.64,0.561523
929,4.645,0.581055
930,4.65,0.600586
931,4.655,0.644531
932,4.66,0.698242
933,4.665,0.668945
934,4.67,0.644531
935,4.675,0.673828
936,4.68,0.668945
937,4.685,0.639648
938,4.69,0.644531
939,4.695,0.654297
940,4.7,0.634766
941,4.705,0.605469
942,4.71,0.629883
943,4.715,0.65918
944,4.72,0.625
945,4.725,0.629883
946,4.73,0.664062
947,4.735,0.654297
948,4.74,0.644531
949,4.745,0.610352
950,4.75,0.639648
951,4.755,0.639648
952,4.76,0.581055
953,4.765,0.576172
954,4.77,0.629883
955,4.775,0.654297
956,4.78,0.639648
957,4.785,0.634766
958,4.79,0.654297
959,4.795,0.654297
960,4.8,0.625
961,4.805,0.629883
962,4.81,0.625
963,4.815,0.610352
964,4.82,0.585937
965,4.825,0.581055
966,4.83,0.59082
967,4.835,0.605469
968,4.84,0.605469
969,4.845,0.639648
970,4.85,0.649414
971,4.855,0.605469
972,4.86,0.600586
973,4.865,0.605469
974,4.87,0.595703
975,4.875,0.585937
976,4.88,0.600586
977,4.885,0.610352
978,4.89,0.595703
979,4.895,0.625
980,4.9,0.620117
981,4.905,0.615234
982,4.91,0.629883
983,4.915,0.595703
984,4.92,0.566406
985,4.925,0.595703
986,4.93,0.615234
987,4.935,0.59082
988,4.94,0.605469
989,4.945,0.605469
990,4.95,0.571289
991,4.955,0.551758
992,4.96,0.585937
993,4.965,0.615234
994,4.97,0.629883
995,4.975,0.615234
996,4.98,0.600586
997,4.985,0.585937
998,4.99,0.512695
999,4.995,0.498047
1000,5.0,0.556641
1001,5.005,0.605469
1002,5.01,0.585937
1003,5.015,0.576172
1004,5.02,0.595703
1005,5.025,0.566406
1006,5.03,0.551758
1007,5.035,0.551758
1008,5.04,0.566406
1009,5.045,0.541992
1010,5.05,0.50293
1011,5.055,0.551758
1012,5.06,0.600586
1013,5.065,0.595703
1014,5.07,0.581055
1015,5.075,0.556641
1016,5.08,0.517578
1017,5.085,0.473633
1018,5.09,0.463867
1019,5.095,0.517578
1020,5.1,0.59082
1021,5.105,0.629883
1022,5.11,0.625
1023,5.115,0.615234
1024,5.12,0.620117
1025,5.125,0.605469
1026,5.13,0.595703
1027,5.135,0.625
1028,5.14,0.634766
1029,5.145,0.600586
1030,5.15,0.566406
1031,5.155,0.595703
1032,5.16,0.629883
1033,5.165,0.639648
1034,5.17,0.65918
1035,5.175,0.683594
1036,5.18,0.664062
1037,5.185,0.610352
1038,5.19,0.561523
1039,5.195,0.546875
1040,5.2,0.546875
1041,5.205,0.561523
1042,5.21,0.605469
1043,5.215,0.654297
1044,5.22,0.688477
1045,5.225,0.620117
1046,5.23,0.576172
1047,5.235,0.576172
1048,5.24,0.551758
1049,5.245,0.551758
1050,5.25,0.595703
1051,5.255,0.605469
1052,5.26,0.59082
1053,5.265,0.610352
1054,5.27,0.59082
1055,5.275,0.451869
1056,5.28,0.546875
1057,5.285,0.537109
1058,5.29,0.522461
1059,5.295,0.537109
1060,5.3,0.561523
1061,5.305,0.561523
1062,5.31,0.532227
1063,5.315,0.517578
1064,5.32,0.537109
1065,5.325,0.541992
1066,5.33,0.517578
1067,5.335,0.522461
1068,5.34,0.595703
1069,5.345,0.600586
1070,5.35,0.566406
1071,5.355,0.600586
1072,5.36,0.605469
1073,5.365,0.571289
1074,5.37,0.551758
1075,5.375,0.585937
1076,5.38,0.620117
1077,5.385,0.585937
1078,5.39,0.566406
1079,5.395,0.595703
1080,5.4,0.719409
1081,5.405,0.566406
1082,5.41,0.571289
1083,5.415,0.615234
1084,5.42,0.600586
1085,5.425,0.59082
1086,5.43,0.585937
1087,5.435,0.556641
1088,5.44,0.566406
1089,5.445,0.571289
1090,5.45,0.456112
1091,5.455,0.610352
1092,5.46,0.634766
1093,5.465,0.639648
1094,5.47,0.629883
1095,5.475,0.595703
1096,5.48,0.571289
1097,5.485,0.551758
1098,5.49,0.546875
1099,5.495,0.576172
1100,5.5,0.757796
1101,5.505,0.605469
1102,5.51,0.610352
1103,5.515,0.615234
1104,5.52,0.600586
1105,5.525,0.625
1106,5.53,0.605469
1107,5.535,0.585937
1108,5.54,0.59082
1109,5.545,0.585937
1110,5.55,0.537109
1111,5.555,0.449899
1112,5.56,0.59082
1113,5.565,0.595703
1114,5.57,0.566406
1115,5.575,0.610352
1116,5.58,0.644531
1117,5.585,0.605469
1118,5.59,0.576172
1119,5.595,0.749254
1120,5.6,0.615234
1121,5.605,0.561523
1122,5.61,0.561523
1123,5.615,0.59082
1124,5.62,0.730879
1125,5.625,0.605469
1126,5.63,0.639648
1127,5.635,0.634766
1128,5.64,0.576172
1129,5.645,0.556641
1130,5.65,0.581055
1131,5.655,0.576172
1132,5.66,0.595703
1133,5.665,0.625
1134,5.67,0.571289
1135,5.675,0.551758
1136,5.68,0.556641
1137,5.685,0.532227
1138,5.69,0.541992
1139,5.695,0.566406
1140,5.7,0.576172
1141,5.705,0.541992
1142,5.71,0.527344
1143,5.715,0.444896
1144,5.72,0.493164
1145,5.725,0.512695
1146,5.73,0.722894
1147,5.735,0.541992
1148,5.74,0.517578
1149,5.745,0.556641
1150,5.75,0.546875
1151,5.755,0.551758
1152,5.76,0.517578
1153,5.765,0.537109
1154,5.77,0.600586
1155,5.775,0.556641
1156,5.78,0.532227
1157,5.785,0.546875
1158,5.79,0.527344
1159,5.795,0.512695
1160,5.8,0.537109
1161,5.805,0.576172
1162,5.81,0.581055
1163,5.815,0.561523
1164,5.82,0.581055
1165,5.825,0.605469
1166,5.83,0.581055
1167,5.835,0.581055
1168,5.84,0.59082
1169,5.845,0.585937
1170,5.85,0.585937
1171,5.855,0.605469
1172,5.86,0.59082
1173,5.865,0.571289
1174,5.87,0.581055
1175,5.875,0.546875
1176,5.88,0.561523
1177,5.885,0.585937
1178,5.89,0.629883
1179,5.895,0.649414
1180,5.9,0.595703
1181,5.905,0.585937
1182,5.91,0.581055
1183,5.915,0.541992
1184,5.92,0.527344
1185,5.925,0.605469
1186,5.93,0.649414
1187,5.935,0.585937
1188,5.94,0.595703
1189,5.945,0.644531
1190,5.95,0.571289
1191,5.955,0.507812
1192,5.96,0.537109
1193,5.965,0.566406
1194,5.97,0.576172
1195,5.975,0.581055
1196,5.98,0.59082
1197,5.985,0.600586
1198,5.99,0.493164
1199,5.995,0.46875
1200,6.0,0.527344
1201,6.005,0.537109
1202,6.01,0.537109
1203,6.015,0.566406
1204,6.02,0.541992
1205,6.025,0.517578
1206,6.03,0.478516
1207,6.035,0.498047
1208,6.04,0.512695
1209,6.045,0.46875
1210,6.05,0.463867
1211,6.055,0.498047
1212,6.06,0.532227
1213,6.065,0.512695
1214,6.07,0.537109
1215,6.075,0.546875
1216,6.08,0.512695
1217,6.085,0.541992
1218,6.09,0.595703
1219,6.095,0.610352
1220,6.1,0.605469
1221,6.105,0.59082
1222,6.11,0.581055
1223,6.115,0.728291
1224,6.12,0.595703
1225,6.125,0.615234
1226,6.13,0.639648
1227,6.135,0.668945
1228,6.14,0.634766
1229,6.145,0.625
1230,6.15,0.615234
1231,6.155,0.595703
1232,6.16,0.629883
1233,6.165,0.649414
1234,6.17,0.649414
1235,6.175,0.615234
1236,6.18,0.59082
1237,6.185,0.576172
1238,6.19,0.59082
1239,6.195,0.605469
1240,6.2,0.59082
1241,6.205,0.566406
1242,6.21,0.581055
1243,6.215,0.600586
1244,6.22,0.610352
1245,6.225,0.595703
1246,6.23,0.620117
1247,6.235,0.615234
1248,6.24,0.556641
1249,6.245,0.537109
1250,6.25,0.600586
1251,6.255,0.634766
1252,6.26,0.625
1253,6.265,0.615234
1254,6.27,0.629883
1255,6.275,0.576172
1256,6.28,0.512695
1257,6.285,0.561523
1258,6.29,0.629883
1259,6.295,0.620117
1260,6.3,0.595703
1261,6.305,0.620117
1262,6.31,0.639648
1263,6.315,0.561523
1264,6.32,0.546875
1265,6.325,0.581055
1266,6.33,0.576172
1267,6.335,0.566406
1268,6.34,0.625
1269,6.345,0.65918
1270,6.35,0.625
1271,6.355,0.600586
1272,6.36,0.571289
1273,6.365,0.537109
1274,6.37,0.551758
1275,6.375,0.59082
1276,6.38,0.639648
1277,6.385,0.65918
1278,6.39,0.625
1279,6.395,0.585937
1280,6.4,0.527344
1281,6.405,0.737201
1282,6.41,0.483398
1283,6.415,0.541992
1284,6.42,0.434079
1285,6.425,0.585937
1286,6.43,0.615234
1287,6.435,0.595703
1288,6.44,0.532227
1289,6.445,0.507812
1290,6.45,0.778953
1291,6.455,0.532227
1292,6.46,0.723787
1293,6.465,0.72629
1294,6.47,0.551758
1295,6.475,0.537109
1296,6.48,0.512695
1297,6.485,0.507812
1298,6.49,0.537109
1299,6.495,0.551758
1300,6.5,0.551758
1301,6.505,0.446828
1302,6.51,0.737282
1303,6.515,0.537109
1304,6.52,0.537109
1305,6.525,0.551758
1306,6.53,0.556641
1307,6.535,0.561523
1308,6.54,0.551758
1309,6.545,0.576172
1310,6.55,0.566406
1311,6.555,0.522461
1312,6.56,0.537109
1313,6.565,0.551758
1314,6.57,0.561523
1315,6.575,0.556641
1316,6.58,0.595703
1317,6.585,0.600586
1318,6.59,0.600586
1319,6.595,0.629883
1320,6.6,0.610352
1321,6.605,0.426964
1322,6.61,0.571289
1323,6.615,0.595703
1324,6.62,0.595703
1325,6.625,0.605469
1326,6.63,0.595703
1327,6.635,0.566406
1328,6.64,0.571289
1329,6.645,0.571289
1330,6.65,0.605469
1331,6.655,0.763632
1332,6.66,0.634766
1333,6.665,0.595703
1334,6.67,0.600586
1335,6.675,0.600586
1336,6.68,0.610352
1337,6.685,0.649414
1338,6.69,0.634766
1339,6.695,0.595703
1340,6.7,0.571289
1341,6.705,0.522461
1342,6.71,0.415661
1343,6.715,0.610352
1344,6.72,0.615234
1345,6.725,0.629883
1346,6.73,0.615234
1347,6.735,0.585937
1348,6.74,0.576172
1349,6.745,0.585937
1350,6.75,0.585937
1351,6.755,0.639648
1352,6.76,0.65918
1353,6.765,0.615234
1354,6.77,0.600586
1355,6.775,0.595703
1356,6.78,0.59082
1357,6.785,0.605469
1358,6.79,0.59082
1359,6.795,0.566406
1360,6.8,0.585937
1361,6.805,0.576172
1362,6.81,0.541992
1363,6.815,0.581055
1364,6.82,0.620117
1365,6.825,0.59082
1366,6.83,0.585937
1367,6.835,0.600586
1368,6.84,0.59082
1369,6.845,0.532227
1370,6.85,0.507812
1371,6.855,0.571289
1372,6.86,0.581055
1373,6.865,0.537109
1374,6.87,0.546875
1375,6.875,0.561523
1376,6.88,0.551758
1377,6.885,0.541992
1378,6.89,0.571289
1379,6.895,0.620117
1380,6.9,0.59082
1381,6.905,0.532227
1382,6.91,0.546875
1383,6.915,0.581055
1384,6.92,0.576172
1385,6.925,0.537109
1386,6.93,0.576172
1387,6.935,0.610352
1388,6.94,0.522461
1389,6.945,0.483398
1390,6.95,0.532227
1391,6.955,0.561523
1392,6.96,0.566406
1393,6.965,0.561523
1394,6.97,0.610352
1395,6.975,0.600586
1396,6.98,0.537109
1397,6.985,0.551758
1398,6.99,0.585937
1399,6.995,0.537109
1400,7.0,0.507812
1401,7.005,0.576172
1402,7.01,0.600586
1403,7.015,0.605469
1404,7.02,0.620117
1405,7.025,0.639648
1406,7.03,0.605469
1407,7.035,0.571289
1408,7.04,0.595703
1409,7.045,0.610352
1410,7.05,0.610352
1411,7.055,0.639648
1412,7.06,0.649414
1413,7.065,0.629883
1414,7.07,0.644531
1415,7.075,0.610352
1416,7.08,0.571289
1417,7.085,0.566406
1418,7.09,0.447535
1419,7.095,0.59082
1420,7.1,0.615234
1421,7.105,0.644531
1422,7.11,0.625
1423,7.115,0.625
1424,7.12,0.615234
1425,7.125,0.581055
1426,7.13,0.610352
1427,7.135,0.600586
1428,7.14,0.600586
1429,7.145,0.664062
1430,7.15,0.649414
1431,7.155,0.600586
1432,7.16,0.585937
1433,7.165,0.620117
1434,7.17,0.605469
1435,7.175,0.571289
1436,7.18,0.620117
1437,7.185,0.615234
1438,7.19,0.600586
1439,7.195,0.581055
1440,7.2,0.595703
1441,7.205,0.600586
1442,7.21,0.571289
1443,7.215,0.595703
1444,7.22,0.625
1445,7.225,0.59082
1446,7.23,0.576172
1447,7.235,0.576172
1448,7.24,0.576172
1449,7.245,0.581055
1450,7.25,0.620117
1451,7.255,0.634766
1452,7.26,0.723758
1453,7.265,0.615234
1454,7.27,0.605469
1455,7.275,0.600586
1456,7.28,0.615234
1457,7.285,0.59082
1458,7.29,0.566406
1459,7.295,0.581055
1460,7.3,0.576172
1461,7.305,0.546875
1462,7.31,0.59082
1463,7.315,0.585937
1464,7.32,0.610352
1465,7.325,0.717903
1466,7.33,0.600586
1467,7.335,0.581055
1468,7.34,0.772789
1469,7.345,0.585937
1470,7.35,0.600586
1471,7.355,0.571289
1472,7.36,0.551758
1473,7.365,0.571289
1474,7.37,0.571289
1475,7.375,0.566406
1476,7.38,0.600586
1477,7.385,0.610352
1478,7.39,0.59082
1479,7.395,0.576172
1480,7.4,0.59082
1481,7.405,0.59082
1482,7.41,0.595703
1483,7.415,0.615234
1484,7.42,0.600586
1485,7.425,0.605469
1486,7.43,0.600586
1487,7.435,0.610352
1488,7.44,0.65918
1489,7.445,0.644531
1490,7.45,0.625
1491,7.455,0.615234
1492,7.46,0.595703
1493,7.465,0.581055
1494,7.47,0.585937
1495,7.475,0.585937
1496,7.48,0.556641
1497,7.485,0.600586
1498,7.49,0.629883
1499,7.495,0.750306
1500,7.5,0.644531
1501,7.505,0.639648
1502,7.51,0.581055
1503,7.515,0.566406
1504,7.52,0.561523
1505,7.525,0.546875
1506,7.53,0.546875
1507,7.535,0.585937
1508,7.54,0.620117
1509,7.545,0.649414
1510,7.55,0.654297
1511,7.555,0.620117
1512,7.56,0.615234
1513,7.565,0.605469
1514,7.57,0.585937
1515,7.575,0.571289
1516,7.58,0.571289
1517,7.585,0.541992
1518,7.59,0.551758
1519,7.595,0.581055
1520,7.6,0.59082
1521,7.605,0.595703
1522,7.61,0.615234
1523,7.615,0.629883
1524,7.62,0.600586
1525,7.625,0.581055
1526,7.63,0.605469
1527,7.635,0.42063
1528,7.64,0.605469
1529,7.645,0.595703
1530,7.65,0.59082
1531,7.655,0.600586
1532,7.66,0.59082
1533,7.665,0.59082
1534,7.67,0.781514
1535,7.675,0.576172
1536,7.68,0.556641
1537,7.685,0.600586
1538,7.69,0.581055
1539,7.695,0.566406
1540,7.7,0.585937
1541,7.705,0.620117
1542,7.71,0.605469
1543,7.715,0.561523
1544,7.72,0.566406
1545,7.725,0.551758
1546,7.73,0.517578
1547,7.735,0.546875
1548,7.74,0.556641
1549,7.745,0.585937
1550,7.75,0.600586
1551,7.755,0.561523
1552,7.76,0.541992
1553,7.765,0.546875
1554,7.77,0.488281
1555,7.775,0.50293
1556,7.78,0.576172
1557,7.785,0.585937
1558,7.79,0.551758
1559,7.795,0.566406
1560,7.8,0.532227
1561,7.805,0.532227
1562,7.81,0.522461
1563,7.815,0.527344
1564,7.82,0.774341
1565,7.825,0.551758
1566,7.83,0.561523
1567,7.835,0.59082
1568,7.84,0.566406
1569,7.845,0.541992
1570,7.85,0.541992
1571,7.855,0.571289
1572,7.86,0.556641
1573,7.865,0.585937
1574,7.87,0.625
1575,7.875,0.595703
1576,7.88,0.556641
1577,7.885,0.581055
1578,7.89,0.581055
1579,7.895,0.566406
1580,7.9,0.585937
1581,7.905,0.639648
1582,7.91,0.639648
1583,7.915,0.605469
1584,7.92,0.581055
1585,7.925,0.615234
1586,7.93,0.605469
1587,7.935,0.561523
1588,7.94,0.581055
1589,7.945,0.625
1590,7.95,0.625
1591,7.955,0.615234
1592,7.96,0.634766
1593,7.965,0.629883
1594,7.97,0.561523
1595,7.975,0.527344
1596,7.98,0.551758
1597,7.985,0.585937
1598,7.99,0.615234
1599,7.995,0.654297
1600,8.0,0.698242
1601,8.005,0.708008
1602,8.01,0.629883
1603,8.015,0.566406
1604,8.02,0.527344
1605,8.025,0.551758
1606,8.03,0.585937
1607,8.035,0.59082
1608,8.04,0.65918
1609,8.045,0.668945
1610,8.05,0.439209
1611,8.055,0.644531
1612,8.06,0.595703
1613,8.065,0.532227
1614,8.07,0.571289
1615,8.075,0.600586
1616,8.08,0.605469
1617,8.085,0.620117
1618,8.09,0.600586
1619,8.095,0.532227
1620,8.1,0.541992
1621,8.105,0.585937
1622,8.11,0.600586
1623,8.115,0.625
1624,8.12,0.581055
1625,8.125,0.561523
1626,8.13,0.585937
1627,8.135,0.595703
1628,8.14,0.59082
1629,8.145,0.595703
1630,8.15,0.571289
1631,8.155,0.522461
1632,8.16,0.537109
1633,8.165,0.566406
1634,8.17,0.561523
1635,8.175,0.576172
1636,8.18,0.585937
1637,8.185,0.595703
1638,8.19,0.585937
1639,8.195,0.561523
1640,8.2,0.541992
1641,8.205,0.541992
1642,8.21,0.522461
1643,8.215,0.541992
1644,8.22,0.551758
1645,8.225,0.585937
1646,8.23,0.605469
1647,8.235,0.595703
1648,8.24,0.585937
1649,8.245,0.546875
1650,8.25,0.541992
1651,8.255,0.546875
1652,8.26,0.546875
1653,8.265,0.768857
1654,8.27,0.571289
1655,8.275,0.566406
1656,8.28,0.59082
1657,8.285,0.585937
1658,8.29,0.600586
1659,8.295,0.595703
1660,8.3,0.571289
1661,8.305,0.571289
1662,8.31,0.600586
1663,8.315,0.585937
1664,8.32,0.605469
1665,8.325,0.595703
1666,8.33,0.59082
1667,8.335,0.581055
1668,8.34,0.566406
1669,8.345,0.561523
1670,8.35,0.585937
1671,8.355,0.397309
1672,8.36,0.576172
1673,8.365,0.576172
1674,8.37,0.600586
1675,8.375,0.620117
1676,8.38,0.585937
1677,8.385,0.581055
1678,8.39,0.615234
1679,8.395,0.556641
1680,8.4,0.532227
1681,8.405,0.541992
1682,8.41,0.566406
1683,8.415,0.556641
1684,8.42,0.571289
1685,8.425,0.581055
1686,8.43,0.408051
1687,8.435,0.605469
1688,8.44,0.581055
1689,8.445,0.541992
1690,8.45,0.546875
1691,8.455,0.527344
1692,8.46,0.532227
1693,8.465,0.561523
1694,8.47,0.59082
1695,8.475,0.571289
1696,8.48,0.537109
1697,8.485,0.522461
1698,8.49,0.541992
1699,8.495,0.541992
1700,8.5,0.59082
1701,8.505,0.620117
1702,8.51,0.605469
1703,8.515,0.571289
1704,8.52,0.600586
1705,8.525,0.600586
1706,8.53,0.581055
1707,8.535,0.571289
1708,8.54,0.561523
1709,8.545,0.566406
1710,8.55,0.59082
1711,8.555,0.59082
1712,8.56,0.605469
1713,8.565,0.620117
1714,8.57,0.605469
1715,8.575,0.581055
1716,8.58,0.566406
1717,8.585,0.546875
1718,8.59,0.561523
1719,8.595,0.605469
1720,8.6,0.600586
1721,8.605,0.571289
1722,8.61,0.59082
1723,8.615,0.610352
1724,8.62,0.561523
1725,8.625,0.556641
1726,8.63,0.537109
1727,8.635,0.527344
1728,8.64,0.541992
1729,8.645,0.522461
1730,8.65,0.581055
1731,8.655,0.605469
1732,8.66,0.585937
1733,8.665,0.615234
1734,8.67,0.620117
1735,8.675,0.581055
1736,8.68,0.571289
1737,8.685,0.566406
1738,8.69,0.576172
1739,8.695,0.59082
1740,8.7,0.556641
1741,8.705,0.556641
1742,8.71,0.615234
1743,8.715,0.595703
1744,8.72,0.585937
1745,8.725,0.620117
1746,8.73,0.615234
1747,8.735,0.595703
1748,8.74,0.605469
1749,8.745,0.595703
1750,8.75,0.59082
1751,8.755,0.566406
1752,8.76,0.576172
1753,8.765,0.566406
1754,8.77,0.532227
1755,8.775,0.571289
1756,8.78,0.59082
1757,8.785,0.581055
1758,8.79,0.605469
1759,8.795,0.610352
1760,8.8,0.600586
1761,8.805,0.585937
1762,8.81,0.581055
1763,8.815,0.556641
1764,8.82,0.532227
1765,8.825,0.566406
1766,8.83,0.566406
1767,8.835,0.581055
1768,8.84,0.556641
1769,8.845,0.581055
1770,8.85,0.576172
1771,8.855,0.566406
1772,8.86,0.566406
1773,8.865,0.541992
1774,8.87,0.546875
1775,8.875,0.576172
1776,8.88,0.59082
1777,8.885,0.561523
1778,8.89,0.512695
1779,8.895,0.541992
1780,8.9,0.551758
1781,8.905,0.532227
1782,8.91,0.541992
1783,8.915,0.576172
1784,8.92,0.566406
1785,8.925,0.556641
1786,8.93,0.512695
1787,8.935,0.546875
1788,8.94,0.566406
1789,8.945,0.566406
1790,8.95,0.566406
1791,8.955,0.585937
1792,8.96,0.556641
1793,8.965,0.532227
1794,8.97,0.537109
1795,8.975,0.605469
1796,8.98,0.605469
1797,8.985,0.634766
1798,8.99,0.649414
1799,8.995,0.649414
1800,9.0,0.610352
1801,9.005,0.576172
1802,9.01,0.585937
1803,9.015,0.610352
1804,9.02,0.605469
1805,9.025,0.610352
1806,9.03,0.595703
1807,9.035,0.615234
1808,9.04,0.615234
1809,9.045,0.615234
1810,9.05,0.629883
1811,9.055,0.639648
1812,9.06,0.615234
1813,9.065,0.581055
1814,9.07,0.585937
1815,9.075,0.625
1816,9.08,0.610352
1817,9.085,0.605469
1818,9.09,0.634766
1819,9.095,0.634766
1820,9.1,0.59082
1821,9.105,0.576172
1822,9.11,0.571289
1823,9.115,0.561523
1824,9.12,0.551758
1825,9.125,0.585937
1826,9.13,0.639648
1827,9.135,0.639648
1828,9.14,0.620117
1829,9.145,0.644531
1830,9.15,0.620117
1831,9.155,0.571289
1832,9.16,0.551758
1833,9.165,0.59082
1834,9.17,0.585937
1835,9.175,0.752368
1836,9.18,0.605469
1837,9.185,0.649414
1838,9.19,0.625
1839,9.195,0.610352
1840,9.2,0.615234
1841,9.205,0.615234
1842,9.21,0.576172
1843,9.215,0.571289
1844,9.22,0.639648
1845,9.225,0.639648
1846,9.23,0.571289
1847,9.235,0.566406
1848,9.24,0.59082
1849,9.245,0.571289
1850,9.25,0.571289
1851,9.255,0.634766
1852,9.26,0.683594
1853,9.265,0.615234
1854,9.27,0.576172
1855,9.275,0.610352
1856,9.28,0.59082
1857,9.285,0.571289
1858,9.29,0.600586
1859,9.295,0.644531
1860,9.3,0.634766
1861,9.305,0.585937
1862,9.31,0.585937
1863,9.315,0.595703
1864,9.32,0.605469
1865,9.325,0.581055
1866,9.33,0.581055
1867,9.335,0.610352
1868,9.34,0.571289
1869,9.345,0.546875
1870,9.35,0.600586
1871,9.355,0.620117
1872,9.36,0.620117
1873,9.365,0.600586
1874,9.37,0.595703
1875,9.375,0.581055
1876,9.38,0.541992
1877,9.385,0.527344
1878,9.39,0.395718
1879,9.395,0.571289
1880,9.4,0.600586
1881,9.405,0.620117
1882,9.41,0.610352
1883,9.415,0.585937
1884,9.42,0.571289
1885,9.425,0.527344
1886,9.43,0.517578
1887,9.435,0.556641
1888,9.44,0.59082
1889,9.445,0.581055
1890,9.45,0.639648
1891,9.455,0.629883
1892,9.46,0.600586
1893,9.465,0.581055
1894,9.47,0.59082
1895,9.475,0.571289
1896,9.48,0.585937
1897,9.485,0.600586
1898,9.49,0.605469
1899,9.495,0.595703
1900,9.5,0.561523
1901,9.505,0.571289
1902,9.51,0.59082
1903,9.515,0.581055
1904,9.52,0.551758
1905,9.525,0.541992
1906,9.53,0.537109
1907,9.535,0.532227
1908,9.54,0.551758
1909,9.545,0.610352
1910,9.55,0.654297
1911,9.555,0.600586
1912,9.56,0.576172
1913,9.565,0.566406
1914,9.57,0.493164
1915,9.575,0.463867
1916,9.58,0.522461
1917,9.585,0.581055
1918,9.59,0.600586
1919,9.595,0.600586
1920,9.6,0.610352
1921,9.605,0.605469
1922,9.61,0.571289
1923,9.615,0.50293
1924,9.62,0.512695
1925,9.625,0.537109
1926,9.63,0.527344
1927,9.635,0.532227
1928,9.64,0.561523
1929,9.645,0.59082
1930,9.65,0.532227
1931,9.655,0.507812
1932,9.66,0.561523
1933,9.665,0.571289
1934,9.67,0.522461
1935,9.675,0.517578
1936,9.68,0.556641
1937,9.685,0.537109
1938,9.69,0.532227
1939,9.695,0.551758
1940,9.7,0.576172
1941,9.705,0.610352
1942,9.71,0.551758
1943,9.715,0.546875
1944,9.72,0.571289
1945,9.725,0.566406
1946,9.73,0.541992
1947,9.735,0.59082
1948,9.74,0.625
1949,9.745,0.595703
1950,9.75,0.581055
1951,9.755,0.571289
1952,9.76,0.571289
1953,9.765,0.541992
1954,9.77,0.546875
1955,9.775,0.546875
1956,9.78,0.585937
1957,9.785,0.59082
1958,9.79,0.566406
1959,9.795,0.620117
1960,9.8,0.605469
1961,9.805,0.571289
1962,9.81,0.556641
1963,9.815,0.537109
1964,9.82,0.541992
1965,9.825,0.551758
1966,9.83,0.595703
1967,9.835,0.620117
1968,9.84,0.585937
1969,9.845,0.59082
1970,9.85,0.581055
1971,9.855,0.600586
1972,9.86,0.605469
1973,9.865,0.615234
1974,9.87,0.605469
1975,9.875,0.615234
1976,9.88,0.59082
1977,9.885,0.399128
1978,9.89,0.59082
1979,9.895,0.605469
1980,9.9,0.595703
1981,9.905,0.629883
1982,9.91,0.629883
1983,9.915,0.649414
1984,9.92,0.625
1985,9.925,0.615234
1986,9.93,0.615234
1987,9.935,0.620117
1988,9.94,0.600586
1989,9.945,0.610352
1990,9.95,0.605469
1991,9.955,0.600586
1992,9.96,0.566406
1993,9.965,0.615234
1994,9.97,0.668945
1995,9.975,0.654297
1996,9.98,0.644531
1997,9.985,0.673828
1998,9.99,0.625
1999,9.995,0.566406
